{
    "data": {
        "fcar": [
            0,
            2,
            3,
            7,
            11,
            13,
            14,
            18,
            29,
            30,
            48,
            49,
            53,
            58,
            59,
            77,
            82,
            103,
            104,
            105,
            109,
            113,
            120,
            125,
            128,
            136,
            137,
            142,
            145,
            146,
            147,
            150,
            153,
            154,
            156,
            157,
            161,
            166,
            180,
            181,
            182
        ],
        "localID": "V1P93217",
        "Name": "Player#3392",
        "FriendsID": [],
        "LevelsDoneTime": [
            1,
            1,
            1,
            0,
            1,
            1,
            1,
            1,
            0,
            0,
            1,
            0,
            1,
            0,
            0,
            1,
            0,
            0,
            1,
            1,
            1,
            1,
            1,
            1,
            1,
            1,
            1,
            1,
            1,
            1,
            1,
            1,
            1,
            1,
            1,
            1,
            1,
            1,
            1,
            1,
            1,
            1,
            120,
            0,
            1,
            1,
            1,
            1,
            1,
            0,
            1,
            1,
            1,
            1,
            1,
            1,
            1,
            1,
            1,
            1,
            1,
            1,
            1,
            1,
            1,
            1,
            1,
            1,
            1,
            1,
            1,
            1,
            1,
            1,
            1,
            1,
            1,
            1,
            1,
            1,
            1,
            1,
            1,
            1,
            1,
            1,
            1,
            0,
            1,
            1,
            1,
            1,
            1,
            0,
            0,
            0,
            0,
            0,
            0,
            0,
            0,
            0,
            0,
            0,
            0,
            0,
            0,
            0,
            0,
            0
        ],
        "platesData": {
            "allPlates": [
                {
                    "vinyls": [],
                    "plateId": 1,
                    "rearCarId": -1,
                    "frontCarId": -1
                },
                {
                    "vinyls": [],
                    "plateId": 2,
                    "rearCarId": -1,
                    "frontCarId": -1
                },
                {
                    "vinyls": [],
                    "plateId": 3,
                    "rearCarId": -1,
                    "frontCarId": -1
                },
                {
                    "vinyls": [],
                    "plateId": 4,
                    "rearCarId": -1,
                    "frontCarId": -1
                },
                {
                    "vinyls": [],
                    "plateId": 5,
                    "rearCarId": -1,
                    "frontCarId": -1
                },
                {
                    "vinyls": [],
                    "plateId": 6,
                    "rearCarId": -1,
                    "frontCarId": -1
                }
            ]
        },
        "UIDatas": null,
        "allData": "BC8D8D1B445EBC491548BA17F18E1A64CE4A4FDA",
        "personEquipmentsFemale": {
            "hair": [
                -1,
                -1,
                -1,
                -1,
                -1,
                -1,
                -1,
                -1,
                -1,
                -1,
                -1,
                -1,
                -1,
                -1,
                -1,
                -1,
                -1,
                -1,
                -1,
                -1,
                -1,
                -1,
                -1,
                -1,
                -1,
                -1,
                -1,
                -1,
                -1,
                -1,
                -1,
                -1,
                -1,
                -1,
                -1,
                -1,
                -1,
                -1,
                -1,
                -1,
                -1,
                -1,
                -1,
                -1,
                -1,
                -1,
                -1,
                -1,
                -1,
                -1
            ],
            "face": [
                -1,
                -1,
                -1,
                -1,
                -1,
                -1,
                -1,
                -1,
                -1,
                -1,
                -1,
                -1,
                -1,
                -1,
                -1,
                -1,
                -1,
                -1,
                -1,
                -1,
                -1,
                -1,
                -1,
                -1,
                -1,
                -1,
                -1,
                -1,
                -1,
                -1,
                -1,
                -1,
                -1,
                -1,
                -1,
                -1,
                -1,
                -1,
                -1,
                -1,
                -1,
                -1,
                -1,
                -1,
                -1,
                -1,
                -1,
                -1,
                -1,
                -1
            ],
            "SelectedEquipments": [
                -1,
                -1,
                -1,
                -1,
                -1,
                -1,
                -1,
                -1,
                -1,
                -1,
                -1,
                -1,
                -1,
                -1,
                -1,
                -1,
                -1,
                -1,
                -1,
                -1,
                -1,
                -1,
                -1,
                -1,
                -1,
                -1,
                -1,
                -1,
                -1,
                -1,
                -1,
                -1,
                -1,
                -1,
                -1,
                -1,
                -1,
                -1,
                -1,
                -1,
                -1,
                -1,
                -1,
                -1,
                -1,
                -1,
                -1,
                -1,
                -1,
                -1
            ],
            "cap": [
                -1,
                -1,
                -1,
                -1,
                -1,
                -1,
                -1,
                -1,
                -1,
                -1,
                -1,
                -1,
                -1,
                -1,
                -1,
                -1,
                -1,
                -1,
                -1,
                -1,
                -1,
                -1,
                -1,
                -1,
                -1,
                -1,
                -1,
                -1,
                -1,
                -1,
                -1,
                -1,
                -1,
                -1,
                -1,
                -1,
                -1,
                -1,
                -1,
                -1,
                -1,
                -1,
                -1,
                -1,
                -1,
                -1,
                -1,
                -1,
                -1,
                -1
            ],
            "gloves": [
                -1,
                -1,
                -1,
                -1,
                -1,
                -1,
                -1,
                -1,
                -1,
                -1,
                -1,
                -1,
                -1,
                -1,
                -1,
                -1,
                -1,
                -1,
                -1,
                -1,
                -1,
                -1,
                -1,
                -1,
                -1,
                -1,
                -1,
                -1,
                -1,
                -1,
                -1,
                -1,
                -1,
                -1,
                -1,
                -1,
                -1,
                -1,
                -1,
                -1,
                -1,
                -1,
                -1,
                -1,
                -1,
                -1,
                -1,
                -1,
                -1,
                -1
            ],
            "beard": [
                -1,
                -1,
                -1,
                -1,
                -1,
                -1,
                -1,
                -1,
                -1,
                -1,
                -1,
                -1,
                -1,
                -1,
                -1,
                -1,
                -1,
                -1,
                -1,
                -1,
                -1,
                -1,
                -1,
                -1,
                -1,
                -1,
                -1,
                -1,
                -1,
                -1,
                -1,
                -1,
                -1,
                -1,
                -1,
                -1,
                -1,
                -1,
                -1,
                -1,
                -1,
                -1,
                -1,
                -1,
                -1,
                -1,
                -1,
                -1,
                -1,
                -1
            ],
            "top": [
                -1,
                -1,
                -1,
                -1,
                -1,
                -1,
                -1,
                -1,
                -1,
                -1,
                -1,
                -1,
                -1,
                -1,
                -1,
                -1,
                -1,
                -1,
                -1,
                -1,
                -1,
                -1,
                -1,
                -1,
                -1,
                -1,
                -1,
                -1,
                -1,
                -1,
                -1,
                -1,
                -1,
                -1,
                -1,
                -1,
                -1,
                -1,
                -1,
                -1,
                -1,
                -1,
                -1,
                -1,
                -1,
                -1,
                -1,
                -1,
                -1,
                -1,
                -1,
                -1,
                -1,
                -1,
                -1,
                -1
            ],
            "pants": [
                -1,
                -1,
                -1,
                -1,
                -1,
                -1,
                -1,
                -1,
                -1,
                -1,
                -1,
                -1,
                -1,
                -1,
                -1,
                -1,
                -1,
                -1,
                -1,
                -1,
                -1,
                -1,
                -1,
                -1,
                -1,
                -1,
                -1,
                -1,
                -1,
                -1,
                -1,
                -1,
                -1,
                -1,
                -1,
                -1,
                -1,
                -1,
                -1,
                -1,
                -1,
                -1,
                -1,
                -1,
                -1,
                -1,
                -1,
                -1,
                -1,
                -1
            ],
            "bag": [
                -1,
                -1,
                -1,
                -1,
                -1,
                -1,
                -1,
                -1,
                -1,
                -1,
                -1,
                -1,
                -1,
                -1,
                -1,
                -1,
                -1,
                -1,
                -1,
                -1,
                -1,
                -1,
                -1,
                -1,
                -1,
                -1,
                -1,
                -1,
                -1,
                -1,
                -1,
                -1,
                -1,
                -1,
                -1,
                -1,
                -1,
                -1,
                -1,
                -1,
                -1,
                -1,
                -1,
                -1,
                -1,
                -1,
                -1,
                -1,
                -1,
                -1
            ],
            "Gender": 1,
            "shoes": [
                -1,
                -1,
                -1,
                -1,
                -1,
                -1,
                -1,
                -1,
                -1,
                -1,
                -1,
                -1,
                -1,
                -1,
                -1,
                -1,
                -1,
                -1,
                -1,
                -1,
                -1,
                -1,
                -1,
                -1,
                -1,
                -1,
                -1,
                -1,
                -1,
                -1,
                -1,
                -1,
                -1,
                -1,
                -1,
                -1,
                -1,
                -1,
                -1,
                -1,
                -1,
                -1,
                -1,
                -1,
                -1,
                -1,
                -1,
                -1,
                -1,
                -1
            ],
            "mask": [
                -1,
                -1,
                -1,
                -1,
                -1,
                -1,
                -1,
                -1,
                -1,
                -1,
                -1,
                -1,
                -1,
                -1,
                -1,
                -1,
                -1,
                -1,
                -1,
                -1,
                -1,
                -1,
                -1,
                -1,
                -1,
                -1,
                -1,
                -1,
                -1,
                -1,
                -1,
                -1,
                -1,
                -1,
                -1,
                -1,
                -1,
                -1,
                -1,
                -1,
                -1,
                -1,
                -1,
                -1,
                -1,
                -1,
                -1,
                -1,
                -1,
                -1
            ]
        },
        "carIDnStatus": {
            "carGeneratedIDs": [
                "",
                "",
                "",
                "",
                "",
                "",
                "",
                "",
                "",
                "",
                "",
                "",
                "",
                "_13AM225",
                "",
                "",
                "",
                "",
                "",
                "",
                "",
                "",
                "",
                "",
                "",
                "",
                "",
                "",
                "",
                "",
                "",
                "",
                "",
                "",
                "",
                "",
                "",
                "",
                "",
                "",
                "",
                "",
                "",
                "",
                "",
                "",
                "",
                "",
                "",
                "",
                "",
                "",
                "",
                "",
                "",
                "",
                "",
                "",
                "",
                "",
                "",
                "",
                "",
                "",
                "",
                "",
                "",
                "",
                "",
                "",
                "",
                "",
                "",
                "",
                "",
                "",
                "",
                "",
                "",
                "",
                "",
                "",
                "",
                "",
                "",
                "",
                "",
                "",
                "",
                "",
                "",
                "",
                "",
                "",
                "",
                "",
                "",
                "",
                "",
                "",
                "",
                "",
                "",
                "",
                "",
                "",
                "",
                "",
                "",
                "",
                "",
                "",
                "",
                "",
                "",
                "",
                "",
                "",
                "",
                "",
                "",
                "",
                "",
                "",
                "",
                "",
                "",
                "",
                "",
                "",
                "",
                "",
                "",
                "",
                "",
                "",
                "",
                "",
                "",
                "",
                "",
                "",
                "",
                "",
                "",
                "",
                "",
                "",
                "",
                "",
                "",
                "",
                "",
                "",
                "",
                "",
                "",
                "",
                "",
                "",
                "",
                "",
                "",
                "",
                "",
                "",
                "",
                "",
                "",
                "",
                "",
                "",
                "",
                "",
                "",
                "",
                "",
                "",
                "",
                "",
                "",
                "",
                "",
                "",
                "",
                "",
                "",
                "",
                "",
                "",
                "",
                "",
                "",
                "",
                "",
                "",
                "",
                "",
                "",
                ""
            ],
            "carStatus": [
                0,
                0,
                0,
                0,
                0,
                0,
                0,
                0,
                0,
                0,
                0,
                0,
                0,
                1,
                0,
                0,
                0,
                0,
                0,
                0,
                0,
                0,
                0,
                0,
                0,
                0,
                0,
                0,
                0,
                0,
                0,
                0,
                0,
                0,
                0,
                0,
                0,
                0,
                0,
                0,
                0,
                0,
                0,
                0,
                0,
                0,
                0,
                0,
                0,
                0,
                0,
                0,
                0,
                0,
                0,
                0,
                0,
                0,
                0,
                0,
                0,
                0,
                0,
                0,
                0,
                0,
                0,
                0,
                0,
                0,
                0,
                0,
                0,
                0,
                0,
                0,
                0,
                0,
                0,
                0,
                0,
                0,
                0,
                0,
                0,
                0,
                0,
                0,
                0,
                0,
                0,
                0,
                0,
                0,
                0,
                0,
                0,
                0,
                0,
                0,
                0,
                0,
                0,
                0,
                0,
                0,
                0,
                0,
                0,
                0,
                0,
                0,
                0,
                0,
                0,
                0,
                0,
                0,
                0,
                0,
                0,
                0,
                0,
                0,
                0,
                0,
                0,
                0,
                0,
                0,
                0,
                0,
                0,
                0,
                0,
                0,
                0,
                0,
                0,
                0,
                0,
                0,
                0,
                0,
                0,
                0,
                0,
                0,
                0,
                0,
                0,
                0,
                0,
                0,
                0,
                0,
                0,
                0,
                0,
                0,
                0,
                0,
                0,
                0,
                0,
                0,
                0,
                0,
                0,
                0,
                0,
                0,
                0,
                0,
                0,
                0,
                0,
                0,
                0,
                0,
                0,
                0,
                0,
                0,
                0,
                0,
                0,
                0,
                0,
                0,
                0,
                0,
                0,
                0,
                0,
                0,
                0,
                0,
                0,
                0
            ]
        },
        "money": 50000000,
        "coin": 0,
        "boughtFsos": [
            -1,
            1,
            2,
            3,
            4
        ],
        "floats": [
            100,
            13,
            1,
            1,
            1,
            1,
            0,
            0,
            2,
            0,
            0,
            0,
            0,
            0,
            0,
            0,
            1,
            0,
            1,
            1,
            1,
            1,
            1,
            1,
            1,
            1,
            0,
            1,
            1,
            1,
            1,
            1,
            1,
            1,
            1,
            0,
            0,
            2147483650,
            2147483650,
            1402,
            11658543,
            1,
            1,
            1,
            1,
            1,
            0,
            0,
            0,
            5.44005156,
            2.8097415,
            -3,
            200,
            65.14389
        ],
        "integers": [
            1,
            1,
            1,
            1,
            1,
            1,
            1,
            1,
            1,
            1,
            1,
            1,
            1,
            0,
            1,
            1,
            1,
            1,
            1,
            1,
            1,
            1,
            1,
            1,
            1,
            1,
            1,
            1,
            1,
            1,
            1,
            1,
            1,
            1,
            1,
            1,
            1,
            1,
            1,
            1,
            1,
            1,
            1,
            1,
            1,
            1,
            1,
            1,
            1,
            1,
            1,
            1,
            1,
            1,
            1,
            1,
            1,
            1,
            1,
            1,
            1,
            1,
            1,
            1,
            1,
            1,
            0,
            1,
            1,
            1,
            1,
            1,
            1,
            0,
            1,
            0,
            1,
            1,
            1,
            1,
            1,
            1,
            1,
            0,
            1,
            1,
            1,
            1,
            1,
            1,
            1,
            1,
            1,
            1,
            1,
            1,
            1,
            0,
            0,
            0,
            0,
            0,
            0,
            0,
            0,
            0,
            0,
            0,
            0,
            0,
            1,
            1,
            1,
            0,
            0,
            0,
            0,
            1,
            0,
            1
        ],
        "personEquipmentsMale": {
            "hair": [
                -1,
                -1,
                -1,
                3,
                4,
                -1,
                -1,
                -1,
                -1,
                -1,
                -1,
                -1,
                -1,
                -1,
                -1,
                -1,
                -1,
                -1,
                -1,
                -1,
                -1,
                -1,
                -1,
                -1,
                -1,
                -1,
                -1,
                -1,
                -1,
                -1,
                -1,
                -1,
                -1,
                -1,
                -1,
                -1,
                -1,
                -1,
                -1,
                -1,
                -1,
                -1,
                -1,
                -1,
                -1,
                -1,
                -1,
                -1,
                -1,
                -1
            ],
            "face": [
                -1,
                1,
                2,
                -1,
                -1,
                -1,
                -1,
                -1,
                -1,
                -1,
                -1,
                -1,
                -1,
                -1,
                -1,
                -1,
                -1,
                -1,
                -1,
                -1,
                -1,
                -1,
                -1,
                -1,
                -1,
                -1,
                -1,
                -1,
                -1,
                -1,
                -1,
                -1,
                -1,
                -1,
                -1,
                -1,
                -1,
                -1,
                -1,
                -1,
                -1,
                -1,
                -1,
                -1,
                -1,
                -1,
                -1,
                -1,
                -1,
                -1
            ],
            "SelectedEquipments": [
                -1,
                1,
                -1,
                25,
                8,
                53,
                3,
                4,
                13,
                1,
                -1,
                -1,
                -1,
                -1,
                -1,
                -1,
                -1,
                -1,
                -1,
                -1,
                -1,
                -1,
                -1,
                -1,
                -1,
                -1,
                -1,
                -1,
                -1,
                -1,
                -1,
                -1,
                -1,
                -1,
                -1,
                -1,
                -1,
                -1,
                -1,
                -1,
                -1,
                -1,
                -1,
                -1,
                -1,
                -1,
                -1,
                -1,
                -1,
                -1
            ],
            "cap": [
                -1,
                -1,
                -1,
                3,
                4,
                5,
                6,
                7,
                8,
                9,
                10,
                11,
                12,
                13,
                14,
                15,
                16,
                17,
                18,
                19,
                20,
                21,
                22,
                23,
                24,
                25,
                26,
                27,
                28,
                -1,
                -1,
                -1,
                -1,
                -1,
                -1,
                -1,
                -1,
                -1,
                -1,
                -1,
                -1,
                -1,
                -1,
                -1,
                -1,
                -1,
                -1,
                -1,
                -1,
                -1
            ],
            "gloves": [
                0,
                1,
                2,
                3,
                -1,
                -1,
                -1,
                -1,
                -1,
                -1,
                -1,
                -1,
                -1,
                -1,
                -1,
                -1,
                -1,
                -1,
                -1,
                -1,
                -1,
                -1,
                -1,
                -1,
                -1,
                -1,
                -1,
                -1,
                -1,
                -1,
                -1,
                -1,
                -1,
                -1,
                -1,
                -1,
                -1,
                -1,
                -1,
                -1,
                -1,
                -1,
                -1,
                -1,
                -1,
                -1,
                -1,
                -1,
                -1,
                -1
            ],
            "beard": [
                -1,
                -1,
                -1,
                -1,
                -1,
                -1,
                -1,
                -1,
                -1,
                -1,
                -1,
                -1,
                -1,
                -1,
                -1,
                -1,
                -1,
                -1,
                -1,
                -1,
                -1,
                -1,
                -1,
                -1,
                -1,
                -1,
                -1,
                -1,
                -1,
                -1,
                -1,
                -1,
                -1,
                -1,
                -1,
                -1,
                -1,
                -1,
                -1,
                -1,
                -1,
                -1,
                -1,
                -1,
                -1,
                -1,
                -1,
                -1,
                -1,
                -1
            ],
            "top": [
                -1,
                1,
                -1,
                -1,
                -1,
                -1,
                -1,
                -1,
                -1,
                -1,
                10,
                -1,
                -1,
                -1,
                14,
                15,
                16,
                17,
                18,
                19,
                20,
                21,
                22,
                23,
                24,
                25,
                26,
                27,
                28,
                29,
                30,
                31,
                32,
                33,
                34,
                35,
                36,
                37,
                38,
                39,
                40,
                41,
                42,
                43,
                44,
                45,
                46,
                47,
                48,
                49,
                50,
                51,
                52,
                53,
                54,
                55
            ],
            "pants": [
                0,
                1,
                -1,
                -1,
                -1,
                -1,
                6,
                7,
                8,
                9,
                10,
                11,
                12,
                13,
                14,
                15,
                16,
                -1,
                -1,
                -1,
                -1,
                -1,
                -1,
                -1,
                -1,
                -1,
                -1,
                -1,
                -1,
                -1,
                -1,
                -1,
                -1,
                -1,
                -1,
                -1,
                -1,
                -1,
                -1,
                -1,
                -1,
                -1,
                -1,
                -1,
                -1,
                -1,
                -1,
                -1,
                -1,
                -1
            ],
            "bag": [
                0,
                1,
                2,
                3,
                4,
                -1,
                -1,
                -1,
                -1,
                -1,
                -1,
                -1,
                -1,
                -1,
                -1,
                -1,
                -1,
                -1,
                -1,
                -1,
                -1,
                -1,
                -1,
                -1,
                -1,
                -1,
                -1,
                -1,
                -1,
                -1,
                -1,
                -1,
                -1,
                -1,
                -1,
                -1,
                -1,
                -1,
                -1,
                -1,
                -1,
                -1,
                -1,
                -1,
                -1,
                -1,
                -1,
                -1,
                -1,
                -1
            ],
            "Gender": 1,
            "shoes": [
                0,
                1,
                2,
                3,
                4,
                5,
                6,
                7,
                8,
                9,
                10,
                11,
                12,
                13,
                14,
                15,
                -1,
                -1,
                -1,
                -1,
                -1,
                -1,
                -1,
                -1,
                -1,
                -1,
                -1,
                -1,
                -1,
                -1,
                -1,
                -1,
                -1,
                -1,
                -1,
                -1,
                -1,
                -1,
                -1,
                -1,
                -1,
                -1,
                -1,
                -1,
                -1,
                -1,
                -1,
                -1,
                -1,
                -1
            ],
            "mask": [
                -1,
                -1,
                -1,
                3,
                4,
                5,
                6,
                7,
                8,
                -1,
                -1,
                -1,
                -1,
                -1,
                -1,
                -1,
                -1,
                -1,
                -1,
                -1,
                -1,
                -1,
                -1,
                -1,
                -1,
                -1,
                -1,
                -1,
                -1,
                -1,
                -1,
                -1,
                -1,
                -1,
                -1,
                -1,
                -1,
                -1,
                -1,
                -1,
                -1,
                -1,
                -1,
                -1,
                -1,
                -1,
                -1,
                -1,
                -1,
                -1
            ]
        },
        "flags": {
            "0": 1,
            "1": 1,
            "2": 1,
            "3": 1,
            "4": 1,
            "5": 1,
            "6": 1,
            "7": 1,
            "8": 1,
            "9": 1,
            "10": 1,
            "11": 1,
            "12": 1,
            "13": 1,
            "14": 1,
            "15": 1,
            "16": 1,
            "17": 1,
            "18": 1,
            "19": 1,
            "20": 1,
            "21": 1,
            "22": 1,
            "23": 1,
            "24": 1,
            "25": 1,
            "26": 1,
            "27": 1,
            "28": 1,
            "29": 1,
            "30": 1,
            "31": 1,
            "32": 1,
            "33": 1,
            "34": 1,
            "35": 1,
            "36": 1,
            "37": 1,
            "38": 1,
            "39": 1,
            "40": 1,
            "41": 1,
            "42": 1,
            "43": 1,
            "44": 1,
            "45": 1,
            "46": 1,
            "47": 1,
            "48": 1,
            "49": 1,
            "50": 1,
            "51": 1,
            "52": 1,
            "53": 1,
            "54": 1,
            "55": 1,
            "56": 1,
            "57": 1,
            "58": 1,
            "59": 1,
            "60": 1,
            "61": 1,
            "62": 1,
            "63": 1,
            "64": 1,
            "65": 1,
            "66": 1,
            "67": 1,
            "68": 1,
            "69": 1,
            "70": 1,
            "71": 1,
            "72": 1,
            "73": 1,
            "74": 1,
            "75": 1,
            "-1": 0
        },
        "animations": [
            25,
            26,
            29,
            11,
            12,
            14,
            18,
            24,
            28,
            31,
            37,
            8,
            9,
            10,
            17,
            19,
            20,
            22,
            5,
            21,
            23
        ],
        "wheels": [
            73,
            74,
            118,
            119,
            120,
            121,
            122,
            123,
            124,
            125,
            126,
            127,
            128,
            129,
            130,
            131,
            132,
            133,
            134,
            135,
            136,
            137,
            138,
            139,
            140,
            141,
            142,
            143,
            144,
            145,
            146,
            147,
            148,
            149,
            150,
            151,
            152,
            153,
            154,
            155,
            156,
            157,
            158,
            159,
            160,
            161,
            162,
            163,
            164,
            165,
            166,
            167,
            168,
            169,
            170
        ]
    }
}