{"result":[
    {"urutan": 1, "id": "59"},
    {"urutan": 2, "id": "133"}, 
    {"urutan": 3, "id": "132"}, 
    {"urutan": 4, "id": "13"}, 
    {"urutan": 5, "id": "53"}, 
    {"urutan": 6, "id": "99"}, 
    {"urutan": 7, "id": "100"}, 
    {"urutan": 8, "id": "102"}, 
    {"urutan": 9, "id": "37"}, 
    {"urutan": 10, "id": "21"}, 
    {"urutan": 11, "id": "48"}, 
    {"urutan": 12, "id": "77"}, 
    {"urutan": 13, "id": "74"}, 
    {"urutan": 14, "id": "2"}, 
    {"urutan": 15, "id": "23"}, 
    {"urutan": 16, "id": "51"}, 
    {"urutan": 17, "id": "163"}, 
    {"urutan": 18, "id": "186"}, 
    {"urutan": 19, "id": "158"}, 
    {"urutan": 20, "id": "55"}, 
    {"urutan": 21, "id": "39"}, 
    {"urutan": 22, "id": "181"}, 
    {"urutan": 23, "id": "196"}, 
    {"urutan": 24, "id": "160"}, 
    {"urutan": 25, "id": "220"}, 
    {"urutan": 26, "id": "197"}, 
    {"urutan": 27, "id": "47"}, 
    {"urutan": 28, "id": "66"}, 
    {"urutan": 29, "id": "1"}, 
    {"urutan": 30, "id": "106"}, 
    {"urutan": 31, "id": "76"}, 
    {"urutan": 32, "id": "0"}, 
    {"urutan": 33, "id": "43"}, 
    {"urutan": 34, "id": "152"}, 
    {"urutan": 35, "id": "108"}, 
    {"urutan": 36, "id": "82"}, 
    {"urutan": 37, "id": "81"},
    {"urutan": 38, "id": "146"},
    {"urutan": 39, "id": "204"},
    {"urutan": 40, "id": "147"},
    {"urutan": 41, "id": "210"}, 
    {"urutan": 42, "id": "148"}, 
    {"urutan": 43, "id": "149"}, 
    {"urutan": 44, "id": "49"}, 
    {"urutan": 45, "id": "112"}, 
    {"urutan": 46, "id": "29"}, 
    {"urutan": 47, "id": "20"}, 
    {"urutan": 48, "id": "88"}, 
    {"urutan": 49, "id": "137"}, 
    {"urutan": 50, "id": "139"}, 
    {"urutan": 51, "id": "179"}, 
    {"urutan": 52, "id": "180"}, 
    {"urutan": 53, "id": "179"}, 
    {"urutan": 54, "id": "185"}, 
    {"urutan": 55, "id": "54"}, 
    {"urutan": 56, "id": "60"}, 
    {"urutan": 57, "id": "85"}, 
    {"urutan": 58, "id": "45"}, 
    {"urutan": 59, "id": "190"}, 
    {"urutan": 60, "id": "6"}, 
    {"urutan": 61, "id": "57"},
    {"urutan": 62, "id": "219"},
    {"urutan": 63, "id": "209"}, 
    {"urutan": 64, "id": "30"},
    {"urutan": 65, "id": "56"},
    {"urutan": 66, "id": "145"}, 
    {"urutan": 67, "id": "214"}, 
    {"urutan": 68, "id": "218"}, 
    {"urutan": 69, "id": "213"}, 
    {"urutan": 70, "id": "157"}, 
    {"urutan": 71, "id": "11"}, 
    {"urutan": 72, "id": "128"}, 
    {"urutan": 73, "id": "177"}, 
    {"urutan": 74, "id": "129"}, 
    {"urutan": 75, "id": "131"}, 
    {"urutan": 76, "id": "140"}, 
    {"urutan": 77, "id": "187"}, 
    {"urutan": 78, "id": "184"}, 
    {"urutan": 79, "id": "134"}, 
    {"urutan": 80, "id": "89"}, 
    {"urutan": 81, "id": "224"},
    {"urutan": 82, "id": "12"}, 
    {"urutan": 83, "id": "9"}, 
    {"urutan": 84, "id": "31"}, 
    {"urutan": 85, "id": "120"}, 
    {"urutan": 86, "id": "4"}, 
    {"urutan": 87, "id": "8"}, 
    {"urutan": 88, "id": "62"}, 
    {"urutan": 89, "id": "17"}, 
    {"urutan": 90, "id": "175"}, 
    {"urutan": 91, "id": "157"}, 
    {"urutan": 92, "id": "113"},
    {"urutan": 93, "id": "86"},
    {"urutan": 94, "id": "217"}, 
    {"urutan": 95, "id": "168"}, 
    {"urutan": 96, "id": "200"}, 
    {"urutan": 97, "id": "215"}, 
    {"urutan": 98, "id": "5"}, 
    {"urutan": 99, "id": "127"},
    {"urutan": 100, "id": "117"},
    {"urutan": 101, "id": "15"}, 
    {"urutan": 102, "id": "35"}, 
    {"urutan": 103, "id": "206"}, 
    {"urutan": 104, "id": "3"}, 
    {"urutan": 105, "id": "28"}, 
    {"urutan": 106, "id": "151"}, 
    {"urutan": 107, "id": "110"}, 
    {"urutan": 108, "id": "87"}, 
    {"urutan": 109, "id": "103"}, 
    {"urutan": 110, "id": "19"}, 
    {"urutan": 111, "id": "24"}, 
    {"urutan": 112, "id": "116"},
    {"urutan": 113, "id": "121"},  
    {"urutan": 114, "id": "128"},
    {"urutan": 115, "id": "58"}, 
    {"urutan": 116, "id": "22"}, 
    {"urutan": 117, "id": "205"}, 
    {"urutan": 118, "id": "109"},
    {"urutan": 119, "id": "222"},
    {"urutan": 120, "id": "138"}, 
    {"urutan": 121, "id": "130"}, 
    {"urutan": 122, "id": "70"}, 
    {"urutan": 123, "id": "170"}, 
    {"urutan": 124, "id": "171"}, 
    {"urutan": 125, "id": "191"}, 
    {"urutan": 126, "id": "195"},  
    {"urutan": 127, "id": "101"}, 
    {"urutan": 128, "id": "7"}, 
    {"urutan": 129, "id": "118"}, 
    {"urutan": 130, "id": "135"}, 
    {"urutan": 131, "id": "211"}, 
    {"urutan": 132, "id": "193"}, 
    {"urutan": 133, "id": "150"},
    {"urutan": 134, "id": "153"},  
    {"urutan": 135, "id": "104"}, 
    {"urutan": 136, "id": "114"}, 
    {"urutan": 137, "id": "105"}, 
    {"urutan": 138, "id": "208"}, 
    {"urutan": 139, "id": "154"}, 
    {"urutan": 140, "id": "126"}, 
    {"urutan": 141, "id": "189"}, 
    {"urutan": 142, "id": "192"}, 
    {"urutan": 143, "id": "212"},
    {"urutan": 144, "id": "61"}, 
    {"urutan": 145, "id": "107"}, 
    {"urutan": 146, "id": "111"}, 
    {"urutan": 147, "id": "221"},
    {"urutan": 148, "id": "223"},
    {"urutan": 149, "id": "199"}, 
    {"urutan": 150, "id": "40"}, 
    {"urutan": 151, "id": "166"}, 
    {"urutan": 152, "id": "141"}, 
    {"urutan": 153, "id": "14"}, 
    {"urutan": 154, "id": "188"}, 
    {"urutan": 155, "id": "136"}, 
    {"urutan": 156, "id": "115"}, 
    {"urutan": 157, "id": "10"}, 
    {"urutan": 158, "id": "194"}, 
    {"urutan": 159, "id": "172"}, 
    {"urutan": 160, "id": "124"}, 
    {"urutan": 161, "id": "169"}, 
    {"urutan": 162, "id": "142"}, 
    {"urutan": 163, "id": "161"}, 
    {"urutan": 164, "id": "143"},
    {"urutan": 165, "id": "144"}, 
    {"urutan": 166, "id": "164"}, 
    {"urutan": 167, "id": "41"}, 
    {"urutan": 168, "id": "162"}, 
    {"urutan": 169, "id": "201"},
    {"urutan": 170, "id": "27"},
    {"urutan": 171, "id": "178"}, 
    {"urutan": 172, "id": "32"}, 
    {"urutan": 173, "id": "216"}, 
    {"urutan": 174  , "id": "198"},
    {"urutan": 175  , "id": "202"},
    {"urutan": 176  , "id": "207"},
    {"urutan": 177  , "id": "155"},
    {"urutan": 178  , "id": "165"},
    {"urutan": 179  , "id": "182"},
    {"urutan": 180  , "id": "183"},
    {"urutan": 200, "id": "159"},
    {"urutan": 201, "id": "18"},
    {"urutan": 202, "id": "42"},
    {"urutan": 203, "id": "44"},
    {"urutan": 204, "id": "65"}
    ]
    }
